Name of District,Name of Police Station,Location of Accident Spot,Name of Road,Road No,Type of road,Precise Landmark(Starting Point),Ending Point,Total accidents (Fatal+Grievous),Total Fatalities,"GEOGRAPHICAL COORDINATES (STARTING POINT (LAT,LONG))","ENDING POINT (LAT,LONG)"
Thiruvananthapuram,Attingal,Korani,Panvel - Kanyakumari Road,NH - 66,NH,FROM 18th MILE ,"TOLL JN, KORANI",48,19,"8.670323, 76.835330","8.664764, 76.838972"
Thiruvananthapuram,City Traffic Police Station,Pattom to Plamoodu,Panvel - Kanyakumari Road,NH - 66,NH,Pattom,Plamoodu,258,14,"8.518554, 76.942560","8.514050, 76.946074"
Thiruvananthapuram,City Traffic Police Station,Ananthapuri to Chakkai,Panvel - Kanyakumari Road,NH - 66,NH,Ananthapuri Hospital,Chakkai,197,13,"8.486712, 76.927492","8.488943, 76.925489"
Thiruvananthapuram,City Traffic Police Station,Sreekaryam to Pangapara,Panvel - Kanyakumari Road,NH - 66,NH,Sreekariyam,Chavadimukku,160,12,"8.548794, 76.917229","8.550935, 76.911028"
Thiruvananthapuram,City Traffic Police Station,East Fort to Attakulangara,MG Road (C-02),SH,SH,Pazhavangadi,Attakulangara,123,15,"8.479386, 76.947470","8.479413, 76.941472"
Thiruvananthapuram,Nedumangad,Kutcherry Jn.,Other Road,,OR,MARKET JN (PONNARA SREEDHAR PARK),PALAYAM JN (SBI BRANCH OFFICE NDD),39,4,"8.60273371 ,77.002752","8.60786 ,77.002736"
Thiruvananthapuram,Neyyattinkara,Pathankallu,Panvel - Kanyakumari Road,NH - 66,NH,ROLLANDS HOSPITAL ," BISHOP HOUSE, ",58,20,"8.410275 ,77.070435","8.41101, 77.06832"
Thiruvananthapuram,Neyyattinkara,Aralumood,Panvel - Kanyakumari Road,NH - 66,NH,KAL,GULAN THATTUKADA,48,20,"8.414207 ,77.061906","8.417264 ,77.059031"
Thiruvananthapuram,Neyyattinkara,Amaravila Toll Jn,Panvel - Kanyakumari Road,NH - 66,NH,AMARAVILA TOLL JN ,KRISHNAPURAM GRAMAM,42,13,"8.388386 , 77.099798 ","8.391174 ,77.096458"
Kollam,Chathannur,Chathannur Jn.,Panvel - Kanyakumari Road,NH - 66,NH,CHATHANNOOR BUS STOP,SBI ATM,46,27,"8.862875 , 76.716882","8.863700, 76.712325"
Kollam,Chathannur,Seematty Jn. to Karamkodu,Panvel - Kanyakumari Road,NH - 66,NH,SEEMATTY JN,KARAMCODE,29,10,"8.850271 ,76.732919","8.846331 ,76.734273"
Kollam,Chavara,Neendakara,Panvel - Kanyakumari Road,NH - 66,NH,NEENDAKARA BRIDGE BUS STOP,NEAR CHAKKOLA BAKERS,43,20,"8.938407 , 76.544190","8.940802, 76.540299"
Kollam,Chavara,Chavara Jn.,Panvel - Kanyakumari Road,NH - 66,NH,CHAVARA JN.,SPRINKLE CAFE,34,15,"8.972980 , 76.534474","8.977367, 76.534801"
Kollam,Chavara,Sangaramangalam to Titanium,Panvel - Kanyakumari Road,NH - 66,NH,SANKARAMANGALAM,TITANIUM,36,9,"8.994824 ,76.532814","8.999245, 76.533861"
Kollam,Chavara,Kuttivattom,Panvel - Kanyakumari Road,NH - 66,NH,KUTTIVATTOM,VADAKKUMTHALA,29,9,"9.02885 , 76.542963","9.032917, 76.542736"
Kollam,Chavara,Parimanom,Panvel - Kanyakumari Road,NH - 66,NH,PETROL PUMP,PARIMANAM,23,28,"8.952781 ,76.534920","8.957016, 76.533349"
Kollam,Karunagappally,Kannetti to Karunagappally Jn.,Panvel - Kanyakumari Road,NH - 66,NH,LALAJI JN,KAROTTU JN,78,30,"9.049287 , 76.536024","9.044883, 76.535"
Kollam,Karunagappally,Karunagappally HS Jn and THQ Jn.,Panvel - Kanyakumari Road,NH - 66,NH,HIGH SCHOOL JN,HOSPITAL JN,46,22,"9.059257 , 76.535633","9.063347, 76.534818"
Kollam,Karunagappally,Puthentheruvu,Panvel - Kanyakumari Road,NH - 66,NH,FIZAKA AUDITORIOUM,PUTHENTHERUVU,27,16,"9.087680 ,76.528383","9.08539, 76.52932"
Kollam,Kilikollur,Karikodu,Tirumangalam - Kollam,NH - 744,NH,TKM COLLEGE,KILIKOLLOOR,43,11,"8.914101, 76.630322","8.917835, 76.632844"
Kollam,Kilikollur,Moonamkutty,Tirumangalam - Kollam,NH - 744,NH,SANA AUDITORIUM,VIKAS NAGAR,22,9,"8.906445, 76.623510","8.910376, 76.626036"
Kollam,Kollam Traffic,Pallimukku,Panvel - Kanyakumari Road,NH - 66,NH,POST OFFICE JN. BUS STOP,CHAITHANYA EYE HOSPITAL,32,16,"8.876208, 76.621914","8.875448, 76.626082"
Kollam,Kollam Traffic,Polayathodu to Kappalandimukku,Panvel - Kanyakumari Road,NH - 66,NH,POLAYATHODE,KAPPALANDIMUKKU,29,16,"8.877528, 76.611417","8.879684, 76.605752"
Kollam,Kottiyam,Kottiyam Jn to Parakulam,Panvel - Kanyakumari Road,NH - 66,NH,ESI JN. KOTTIYAM,PARAKKULAM,61,27,"8.866487, 76.667041","8.866213, 76.663128"
Kollam,Kottiyam,Mylakkad to Ithikkara,Panvel - Kanyakumari Road,NH - 66,NH,MYLAKKADU,ITHIKKARA,41,16,"8.863838, 76.689427","8.863502, 76.693904"
Kollam,Kundara,Perumpuzha,Kottiyam - Kundara Road,MDR,OR,"MGUP SCHOOL, PERUMPUZHA",THAMPURAN FINANCE/HARISREEBAR),47,8,"8.942065 ,76.658417","8.939315, 76.6556"
Kollam,Ochira,Ochira Jn.,Panvel - Kanyakumari Road,NH - 66,NH,JUMA MASJID OACHIRA,PUNJAB NATIONAL BANK ,40,17,"9.140014, 76.512124","9.135490, 76.513240"
Kollam,Ochira,Changankulangara,Panvel - Kanyakumari Road,NH - 66,NH,PARBRAHMA HOSPITAL,CHANGANKULANGARA,30,10,"9.122470, 76.517544","9.111114, 76.519346"
Kollam,Ochira & Karunagappally,Vavvakkavu,Panvel - Kanyakumari Road,NH - 66,NH,QUALITY SHOPPING CENTRE,LEKSHMI VILASAM BANK ATM,44,25,"9.098385, 76.523723","9.102165, 76.521414"
Kollam,Parippally,Parippally Jn to Mukkada,Panvel - Kanyakumari Road,NH - 66,NH,POST OFFICE JN. ,MUKKADA,49,21,"8.810901, 76.759891","8.805308, 76.762493"
Kollam,Parippally,Kalluvathukkal,Panvel - Kanyakumari Road,NH - 66,NH,NADAKKAL SERVICE CO-OP: BANK,RAJ RESIDENCY,42,20,"8.833448, 76.744531","8.836096, 76.739952"
Kollam,Sakthikulangara,Kavanadu to Kappithans,Panvel - Kanyakumari Road,NH - 66,NH,ALTHARAMOODU,KAPPITHAN JN.,56,26,"8.925398, 76.555516","8.928472, 76.550564"
Kollam,Sasthamcotta,Bharanikavu,Adoor - Sasthamkotta Road,SH - 37,SH,Mannenna Mukku,Padmavathy Jn,39,4,"9.049044 ,76.630522","9.052432,76.633239"
Alappuzha,Ambalappuzha,Ambalappuzha,Panvel - Kanyakumari Road,NH - 66,NH,Kacherry Jn.,Payalkulangara,28,6,"9.377253 ,76.357784","9.375823,76.358076"
Alappuzha,Ambalappuzha,Neerkunnam,Panvel - Kanyakumari Road,NH - 66,NH,Vandanam,S.N.Kavala,29,3,"9.417808 ,76.351248","9.400783,76.351968"
Alappuzha,Ambalappuzha,Karoor,Panvel - Kanyakumari Road,NH - 66,NH,Payalkulangara,Pazhayangadi,25,4,"9.375823, 76.358076","9.361956,76.362357"
Alappuzha,Aroor,Aroor Bypass to Aroor Temple,Panvel - Kanyakumari Road,NH - 66,NH, U turn , Aroor Temple Jn,168,20,"9.4512707, 76.3885517","9.4535977,  76.3838937"
Alappuzha,Haripad,Madhava Junction,Panvel - Kanyakumari Road,NH - 66,NH,KSRTC,Danappady,43,9,"9.283315, 76.441389","9.283315, 76.441389"
Alappuzha,Kareelakulangara,Kareelakulangara,Panvel - Kanyakumari Road,NH - 66,NH,Kareelakulangara JN,Puthenroad Jn,48,20,"9.20075, 76.48443"," 9.867376 ,76.305492"
Alappuzha,Kareelakulangara,Ramapuram,Panvel - Kanyakumari Road,NH - 66,NH,Ramapuram,Ramapuram HS Jn,36,10,"9.193440 , 76.485226","9.21938, 76.4782"
Alappuzha,Kareelakulangara,Cheppad,Panvel - Kanyakumari Road,NH - 66,NH,NTPC JN,Cheppad JN,26,5,"9.24366, 76.46883","9.23893, 76.47073"
Alappuzha,Kareelakulangara,Puthentoad Jn.,Panvel - Kanyakumari Road,NH - 66,NH,Kareelakulangara JN,Puthenroad Jn,24,8,"9.243780 ,76.466069","9.210226 , 76.495920"
Alappuzha,Kareelakulangara,Kanjoor,Panvel - Kanyakumari Road,NH - 66,NH,Kanjoor Jn,Eluvakulangara,19,6,"9.193440 ,76.485226","9.25068, 76.46652"
Alappuzha,Kayamkulam,Mukkada,Panvel - Kanyakumari Road,NH - 66,NH,Motel Aaram,Krishnapuram Jn.,48,10,1022124.8163695 661350.6989527,"9.250759 ,76.466475"
Alappuzha,Kayamkulam,KPAC Jn.,Panvel - Kanyakumari Road,NH - 66,NH,Kunnathalummoodu,Chirakkadavam,27,3,"9.12582, 76.51696","9.154197, 76.510234"
Alappuzha,Kayamkulam,ONK Jn.,Panvel - Kanyakumari Road,NH - 66,NH,KSRTC Bridge,MSM College Jn.,31,1,"9.157854, 76.508857","9.164559, 76.502802"
Alappuzha,Kayamkulam,KSRTC Divider,Panvel - Kanyakumari Road,NH - 66,NH,KamalayamJn.,KSRTC Jn,29,2,"9.173527, 76.496431","9.17253, 76.49713"
Alappuzha,Kayamkulam,Texmo Jn.,Panvel - Kanyakumari Road,NH - 66,NH,Chirakkadavam,Kamalalyam,21,2,"9.140603, 76.512174","9.171544, 76.497806"
Alappuzha,Kayamkulam,Murikkinmoodu,Kayamkulam - Pathanapuram Road,SH - 5,SH,Onattukara Reserch centre,Mikas Auditorium,8,3,"9.17618, 76.51738","9.17679, 76.52409"
Alappuzha,Kuthiathode,Thuravoor,Panvel - Kanyakumari Road,NH - 66,NH,Milma Milk Society,"St Joseph Church, Thravoor ",31,10,"9.176803, 76.523849","9.176803, 76.523849"
Alappuzha,Kuthiathode,Puthenchanda,Panvel - Kanyakumari Road,NH - 66,NH,Saral Auditorium,Cattlefeed factory,21,3,"9.75999, 76.31796","9.74655, 76.31855"
Alappuzha,Kuthiathode,Kuthiathode,Panvel - Kanyakumari Road,NH - 66,NH,LPS Kodamthuruthu,Kuthiathode Bridge,20,1,"644088.46547
1084514.35206","644185.14438
1083603.53496"
Alappuzha,Kuthiathode,Pallithode,Alappuzha - Chellanam road,SH - 66,SH,St.Sebastian Church Pallithode ,"Prathibha Bus Stop, Pallithoide ",11,4,"9.77751, 76.2801","644365.78129
1082707.98296"
Alappuzha,Mannancherry,Kalavoor,Panvel - Kanyakumari Road,NH - 66,NH,Kalavoor Jn.,Bernad Jn.,35,13,"9.57044, 76.32761","9.55233, 76.32746"
Alappuzha,Mararikkulam,Thiruvizha,Panvel - Kanyakumari Road,NH - 66,NH,Thiruvizha South Jn,Konchery coir factory,32,11,"9.63762, 76.33466","1057051.6294249,645746.46239111"
Alappuzha,Mararikkulam,Kanjikkuzhy,Panvel - Kanyakumari Road,NH - 66,NH,South divider,Indian coffee house,31,7,"1065601.8513743, 646442.9542972","9.61384, 76.3304"
Alappuzha,Mararikkulam,Kanichukulangara Jn.,Panvel - Kanyakumari Road,NH - 66,NH,S.N College,Kanichukulangara NH Jn,33,4,"9.62189, 76.33182","1062935.0537154, 645979.27715982"
Alappuzha,Mararikkulam,Mathilakam,Panvel - Kanyakumari Road,NH - 66,NH,S.H.G Hospital,KVM Hospital,25,2,"1066677.4344412, 646615.32261575","1067112.5096671, 646680.19925226"
Alappuzha,Mararikkulam,11th Mile,Panvel - Kanyakumari Road,NH - 66,NH,St.Michael's College,11 th mile North Jn ,23,4,"9.65191, 76.33698","1068848.3381183, 646921.26048006"
Alappuzha,Mararikkulam,Kalithattu,Panvel - Kanyakumari Road,NH - 66,NH,South of Kalithattu Jn,Gandhi smaramkam Jn,19,1,"9.60074, 76.32828","9.60312, 76.32859"
Alappuzha,Pattanakkad,Pattanakkad,Panvel - Kanyakumari Road,NH - 66,NH,Public School,Mahadeva Temple Pattanakakd ,45,7,"1061545.3245951, 645765.56588663","1062257.0292594, 645871.78547777"
Alappuzha,Pattanakkad,Ponnamvely,Panvel - Kanyakumari Road,NH - 66,NH,Pattanakad Panchayath Office,Ponnamveli Bridge,32,6,"644592.82633, 1075179.23428","644658.97505, 1075922.13537"
Alappuzha,Pattanakkad,Vayalar Kavala,Panvel - Kanyakumari Road,NH - 66,NH,Puthiyakave Juntion,Vayalar Junction,23,4,"644597.91469, 1076619.24119","644603.00305, 1076919.45465"
Alappuzha,Pattanakkad,Ottamassery,Alappuzha - Chellanam road,SH - 66,SH,Ottamassery Church ,Thanky Kadathu,16,1,"644587.73796, 1074655.13283","644541.94269, 1075158.88083"
Alappuzha,Pattanakkad,Thaickal,Cherthala -  Thaickal Beach Road,MDR,OR,Thyckal Beach Junction,Kunjithai Bustop,14,1,"641478.74777, 1072579.080","641397.33396, 1073332.15828"
Alappuzha,Ponga,Nedumudi,Alappuzha - Changanassery Highway,SH - 11,SH,Jyothi Jn:,Ponga bridge,33,9,"641621.22196, 1070971.15755","641432.95255, 1071780.20736"
Alappuzha,Punnapra,Punnapra,Panvel - Kanyakumari Road,NH - 66,NH,South Panchayath Office,Kappakkada Junction,45,6,"1042853.2246776 ,647739.24126268","1044143.1248622,647470.19403482"
Alappuzha,Punnapra,Vandanam,Panvel - Kanyakumari Road,NH - 66,NH,Medical College,Pallimukk Jn,33,1,"1041168.9763103,648083.34185434","1040488.4076724 ,648274.15549112"
Alappuzha,Punnapra,Kuravanthodu,Panvel - Kanyakumari Road,NH - 66,NH,MES School,Medical College,28,4,"1041745.2334933,647968.85367227","1041170.2484012 ,648085.24999071"
Alappuzha,Punnapra,Kappakkada,Panvel - Kanyakumari Road,NH - 66,NH,"Petrol Pump,Kappakkada","Old library,Paravoor",27,3,"1044068.7075438,647484.18703485","1045259.3846374 ,647247.57812524"
Kottayam,Kaduthuruthy,Pattalamukku,Ettumanoor - Ernakulam Road,SH - 15,SH,ROYAL MARBLES JN. MUTTUCHIRA,PATTALAMUKKU BUS STOP,51,4,"9.7505183,76.5063715","9.7505183,76.5063715"
Kottayam,Kottayam Traffic PS,Kodimatha Bridge,MC Road (Main-Central Road),SH - 1,SH,KODIMATHA BRIDGE,PULIMOODU JN,17,6,"9.5786641 ,76.519513","9.5820597,   76.5214851"
Kottayam,Manarcad,Manarcad,Dindigul - Kottarakkara Road,NH - 183,NH,"Base Hospital, Manarcad","Front Gate wall of Govt.U.P.School, Manarcad",20,3,"9.5984323 ,76.582596","9.5871212 ,76.5834539"
Kottayam,Manarcad,Manarcad Jn. - Perumanoorkulam,Manarcadu - Kidangoor road,MDR,OR,"St.Mary's Petrol Pump, Manarcad","SNDP Temple, Manarcad",18,3,"9.5902069 ,76.5830475","9.5958774 ,76.5857111"
Kottayam,Manarcad,Vadavathoor [Milma],Dindigul - Kottarakkara Road,NH - 183,NH,"Co-Operative Bank Manganam, Vadavathoor","Gate wall of Eden Gardens Nursery, Vadavathoor",13,1,"9.590975 ,76.5649418","9.5896793 ,76.5677975"
Pathanamthitta,Adoor,Adoor Central Toll to Parthasarathi Temple,MC Road (Main-Central Road),SH - 1,SH,ADOOR CENTRAL TOLL,PARTHSARATHY TEMPLE,47,10,"9.152905 ,76.736353","9.155413 ,76.731578"
Pathanamthitta,Adoor,14th Mile Jn to Thengumthara,Kayamkulam - Pathanapuram Road,SH - 5,SH,14TH MILE JN,THENGUMTHARA,18,5,"9.163456 , 76.706325","9.164893,76.692468"
Pathanamthitta,Pandalam,Kulanada Medical Trust to Kulanada Jn Curve,MC Road (Main-Central Road),SH - 1,SH,KULANADA MEDICAL TRUST ,KULANADA JN. CURVE,35,1,"9.239945 ,76.672020","9.202522 , 76.632289"
Pathanamthitta,Pathanamthitta,Omalloor Jn to Market Jn,Bharanikkavu-Vandiperiyar Road,NH - 183A,NH,OMALLOOR JN.,MARKET JN.,39,4,"9.253753 ,76.748464","9.295277 ,76.724251"
Pathanamthitta,Pathanamthitta,Mylapra Jn to Mylapra Church,Bharanikkavu-Vandiperiyar Road,NH - 183A,NH,MYLAPRA JN,MYLAPRA CHURCH JN,20,1,"9.286655 , 76.797212","9.281600 ,76.798072"
Pathanamthitta,Pathanamthitta,Azhoor Jn to Petrol Pump Jn,Pathanamthitta - Thazhoorkadavu road,MDR,OR,AZHOOR JN,PETROL PUMP JN,16,0,"9.281600 ,76.798072","9.259149 , 76.784756"
Ernakulam,Angamaly,Karukutty,Salem Ð Ernakulam Road,NH - 544,NH,Power House Bus Stop,Adlux,140,22,"10.227418 ,76.374358",10.228593 76.374241
Ernakulam,Angamaly,Angamaly,Salem Ð Ernakulam Road,NH - 544,NH,Orchid Used Cars/HP Petrol Pump,Basalica Rd Jn/St. George Complex,99,17,"10.192611, 76.386803",10.190663 76.386468
Ernakulam,Angamaly,Karayamparambu,Salem Ð Ernakulam Road,NH - 544,NH,Elavoor Rd Jn,Kariyamparabu-Kothakulangara Bridge,72,13,"10.21423, 76.37956","10.20816, 76.3821"
Ernakulam,Angamaly,Vengoor,MC Road (Main-Central Road),SH - 1,SH,Double Palam,Viswajyothi School (After curve),68,8,"10.184502 ,76.402977",10.182488 76.410890
Ernakulam,Angamaly,Karukutty Junction,Salem Ð Ernakulam Road,NH - 544,NH,Karukutty Residency/Hotel Elegence,Karukutty Panchayat Office,47,3,"10.223439, 76.375860",10.225876 76.375230
Ernakulam,City Traffic,Edappally Junction,Panvel - Kanyakumari Road,NH - 66,NH,Edapally Kappella Front,Edapally Jamaath Mosque,113,10,"10.02267, 76.3094","10.02876, 76.30543"
Ernakulam,City Traffic,Palarivattom Bypass Junction,Panvel - Kanyakumari Road,NH - 66,NH,QRS,Kairali Ford,81,11,"10.008528, 76.312272","10.001778, 76.313435"
Ernakulam,City Traffic,Vyttila,Panvel - Kanyakumari Road,NH - 66,NH,Vyttila-Ponnurunni ROB South End ,Renault Showroom Front ,60,8,"9.97279, 76.31782","9.96654, 76.31821"
Ernakulam,City Traffic,Lissie Jn - Kaloor Jn,Banerji Road,MDR,OR,Lissie Junction,Kaloor Jn,51,7,"9.991032, 76.287977","9.995971, 76.293423"
Ernakulam,City Traffic,Thrippunithura SN Jn,Kochi - Tondi Point Road,NH - 85,NH,Vadakkekotta Junction,SN Junction,49,8,"9.954111, 76.343804",9.955328  76.349078
Ernakulam,City Traffic,Kalamassery - HMT,Salem Ð Ernakulam Road,NH - 544,NH,Rajagiri Rd Jn (ICICI Bank),TVS Junction,50,7,"10.057066, 76.321493","10.052354, 76.320107"
Ernakulam,City Traffic,Kundanoor,Panvel - Kanyakumari Road,NH - 66,NH,Harley Davidson Showroom/Audi Showroom,Hotel Crown Plaza Front ,55,3,"9.937827, 76.318121","9.933927, 76.318074"
Ernakulam,City Traffic,Kunnumpuram,Panvel - Kanyakumari Road,NH - 66,NH,Puliparambil Temple front,Saravana Bhavan Hotel front ,47,7,"10.041196, 76.300055","10.045540, 76.297639"
Ernakulam,City Traffic,Kannadikadu,Panvel - Kanyakumari Road,NH - 66,NH,"Best Bakers, Kannadikadu front ",Wyte Fort,42,10,"9.951936, 76.318277","9.948209, 76.318388"
Ernakulam,City Traffic,Madavana,Panvel - Kanyakumari Road,NH - 66,NH,Supply Co Maveli Store Front,Panagad PS front ,46,4,"9.912879, 76.316795","9.908062, 76.316338"
Ernakulam,City Traffic,Cheranelloor,Panvel - Kanyakumari Road,NH - 66,NH,St. Mary's Shrine,Godown Rd Jn,45,2,"10.058182, 76.290552","10.064859, 76.287418"
Ernakulam,City Traffic,Chakkaraparambu,Panvel - Kanyakumari Road,NH - 66,NH,Puthiya Road Junction,Vyshali Bus Stop/MC Donald Front ,41,5,"9.992999, 76.315066","9.987809, 76.315924"
Ernakulam,City Traffic,"Nettoor, INTUC Junction",Panvel - Kanyakumari Road,NH - 66,NH,Nettoor Kundanoor Bridge South End ,FOCUZ Motors Front ,41,4,"9.930627, 76.317881","9.926445, 76.317637"
Ernakulam,City Traffic,Kathrikadavu Junction,Kaloor - Kochu Kadavanthra Road,MDR,OR,Kathrikadavu Bridge North End ,Sreedareeyam Ayurveda Eye Hospital Front ,41,3,"9.983193, 76.295894","9.988571, 76.295380"
Ernakulam,City Traffic,Thaikkudam,Panvel - Kanyakumari Road,NH - 66,NH,Deckathlon,Thaikoodam Bridge North End ,39,4,"9.961747, 76.318485","9.955143, 76.318480"
Ernakulam,City Traffic,"Vytilla, KSEB",Ettumanoor - Ernakulam Road,SH - 15,SH,Vytilla Mobility Hub Exit,OEN Corporate Office Front ,34,7,"9.966610, 76.319324","9.961133, 76.321458"
Ernakulam,City Traffic,"Chakkalakkal, EMC Hospital",Panvel - Kanyakumari Road,NH - 66,NH,Sreekala Road Front,Convent Bus stop,36,5,"10.000767, 76.313711","9.996847, 76.314354"
Ernakulam,City Traffic,Kakkanad Signal Jn,Seaport - Airport Road,SH,SH,Thrikkakara Municipal Co Operative Hospital,Kerala Govt Childrens' Home ,41,0,"10.018232, 76.342957","10.013558, 76.341676"
Ernakulam,City Traffic,"Oberon Mall, Padivattom",Panvel - Kanyakumari Road,NH - 66,NH,Amway Office Front ,Oberon Mall Bus Stop,33,6,"10.018598, 76.310911","10.013223, 76.311716"
Ernakulam,City Traffic,"Appollo Jn, North Kalamassery",Salem Ð Ernakulam Road,NH - 544,NH,Overbridge-Container Road South End,Kalamassery Metro Station ,33,6,"10.062413, 76.324514","10.058620, 76.322030"
Ernakulam,City Traffic,Thevera Ferry Junction,Kundannoor - Willington Island Road,NH - 966B,NH,Kundannoor Bridge West,Alexander Parmbithura Bridge East,29,8,"9.933194 , 76.301159","9.93193,76.29785"
Ernakulam,City Traffic,Chembumukku - Vazhakkala,Palarivattom Kumarapuram road ,SH - 41,SH,Chembumukku Bus Stop ,"St Joseph's Church, Vazhakkala Front",37,1,"10.011256, 76.321672","10.012651, 76.327844"
Ernakulam,City Traffic,Padamughal,Palarivattom Kumarapuram road,SH - 41,SH,St Kuriakose Knanaya Catholic Church/Colony Jn,"Catholic syrian Bank front, Kunnumpuram ",34,2,"10.013348, 76.330846","10.015856, 76.336107"
Ernakulam,City Traffic,Maradu,Kochi - Tondi Point Road,NH - 85,NH,Padanvath Siva Temple,Mannoor Rd Jn,35,1,"9.938525, 76.327062","9.942849, 76.335204"
Ernakulam,City Traffic,AR Camp - Menaka,Shanmugham road,MDR,OR,AR CAMP FRONT/Alphonsa Street Rd Jn,"SBI Office, Menaka",34,1,"9.981485 , 76.275218","9.92654,76.31863"
Ernakulam,City Traffic East PS,Chittethukara to Rajagiri Bus Stop,Seaport - Airport Road,SH,SH,Chittethukara Bus stop ,"Rajagiri Bus stop, Chithrapuzha Bridge North End ",26,5,"9.998594, 76.350388","9.993558, 76.351681"
Ernakulam,City Traffic East PS,"Poojarivalavu, Kaipadamugal",Seaport - Airport Road,SH,SH,CUSAT Bus Stop (Seaport airport road) ,Kairali Ford Service Centre Front ,24,8,"10.046627, 76.337132","10.040102, 76.338370"
Ernakulam,City Traffic West PS,Atlantis Jn (South-North),MG Road (Old NH 47),SH,SH,Kurushupally Rd Jn,Air Arabia Office,128,11,"9.955654 , 76.292226","9.92654,76.31863"
Ernakulam,City Traffic West PS,BOT (W) Jn,Old NH 47,SH,SH,Pyari Jn,Indus Motors,86,6,"10.060527, 76.617265","9.98788,76.30523"
Ernakulam,Kalady,Kalady,MC Road (Main-Central Road),SH - 1,SH,Kalady Bus Stop/Thannipuzha Bridge (North),Kalady Grama Panchayath Office,42,6,"10.162597 , 76.441274","10.16934,  76.43231"
Ernakulam,Kalady,Mattoor,MC Road (Main-Central Road),SH - 1,SH,Paracka Timber Mill/Blue Whale Aquarium,Pallickal Fuels (Indian Oil Pump),37,6,"10.16720 , 76.43677","10.16357, 76.44063"
Ernakulam,Kothamangalam,Thankalam,Aluva - Munnar Road (SH -16),SH -16,SH,ANACHIRA HP FUEL PUMP,ELAMBRA MOSQUE,42,6,"10.067 , 76.6069","10.0692,  76.6069"
Ernakulam,Kothamangalam,Kozhippilly,Kochi - Tondi Point Road,NH - 85,NH,MUNICIPAL PARK Junction,SOBHANA SCHOOL,34,4,"10.0606 , 76.6333","9.96172,76.29897"
Ernakulam,Kothamangalam,"Post Office Jn, Kothamangalam",Kochi - Tondi Point Road,NH - 85,NH,State Bank of Travancore,KUROOR BRIDGE,31,6,"10.0649 , 76.6194","9.94516,76.34955"
Ernakulam,Kothamangalam,Nellikkuzhy,Aluva - Munnar Road (SH -16),SH - 16,SH,Nellikuzhi Panchayath Office,Nellikuzhi Canal Jn/ Bus Stop,34,2,"10.0727 , 76.5971","9.98928,76.29125"
Ernakulam,Kunnathunadu ,Mannoor,MC Road (Main-Central Road),SH - 1,SH,NEAR STATE BANK OF INDIA ,HERO MOTORS SHOWROOM ,22,8,"10.04589 , 76.53322","10.04490, 76.53373"
Ernakulam,Kurupanpady,Pulluvazhy,MC Road (Main-Central Road),SH - 1,SH,Royal Curtain Works,Hotel Elegance/Village Office,51,6,"10.087596, 76.499985","10.083531, 76.502512"
Ernakulam,Kurupanpady,Kuruppamapadi,Aluva - Munnar Road (SH -16),SH -16,SH,Maria Hospital,MGM School,42,4,"10.112666, 76.515945","10.11184, 76.52097"
Ernakulam,Kurupanpady,Keezhillam,MC Road (Main-Central Road),SH - 1,SH,Keezhillam Mahadeva Temple/VVRA Rd Jn,St Thomas Church,33,11,"10.05891, 76.52446","10.06581, 76.51777"
Ernakulam,Kurupanpady,Odakkali,Aluva - Munnar Road (SH -16),SH - 16,SH,Asammanoor Service Cooperative Bank,Aromatic and Medicinal Plants Research Station,27,11,"10.0945 , 76.5576","10.09319, 76.55997"
Ernakulam,Munambam,Cherai,Vypin Pallipuram road (SH-63),SH - 63,SH,Cherai Beach Rd Jn,Patteri Kulangara Temple,36,6,"10.14315, 76.1922","10.138955 , 76.194669"
Ernakulam,Muvattupuzha,Pezhakappilly,MC Road (Main-Central Road),SH - 1,SH,HP Pump/Panchayath Rd Jn,KSEB Substation,33,3,"10.012338 , 76.566162","10.016014, 76.564726"
Ernakulam,Muvattupuzha,Velloorkunnam,Kochi - Tondi Point Road,NH - 85,NH,Kadathy,BOC Jn,32,3,"10.012338 , 76.566162","9.986486 , 76.565937 "
Ernakulam,Nedumbassery,Kariyad,Salem Ð Ernakulam Road,NH - 544,NH,Thenkulam Rd Jn,Mekkad-Kariyad Rd Jn,33,10,"10.1687979, 76.367527","10.1662819, 76.362279"
Ernakulam,Njarackal,Murikkumpadam,Vypin Pallipuram road (SH-63),SH - 63,SH,Thekkanmalippuram/Cochin Seaport Hotel,SOUTH INDIAN BANK ATM/Our Lady Rosary Church,34,8,"9.995152 , 76.237196"," 9.986754  ,76.240350"
Ernakulam,Njarackal,Nayaramabalam,Vypin Pallipuram road (SH-63),SH - 63,SH,Thayyezhuth Vazhi Bus Stop,CT Bus Stop/Rajagiri School Rd Jn,32,4,"10.071975 , 76.212512","10.052873,76.215473"
Ernakulam,Njarackal,Njarackal,Vypin Pallipuram road (SH-63),SH - 63,SH,Njarackal Govt Guest House,Njarackal Hospital Jn Bus Stop,34,2,"10.046748 , 76.217398","10.041329 , 76.218957"
Ernakulam,Perumbavoor,Pattal,Aluva - Munnar Road (SH -16),SH -16,SH,Pattal Jn/Bus Stop,HP PETROL PUMP,41,8,"10.115825 , 76.498172"," 10.1134067,76.50646626  
"
Ernakulam,Vazhakulam,Vazhakulam,Punalur - Muvattupuzha Road (SH-8),SH - 8,SH,"Canara Bank, Vazhakulam",Baklava Bakery Vazhakulam,33,5,"9.94571, 76.63664","10.0649, 76.6194"
Thrissur,Kodungallur,Kottapuram,Panvel - Kanyakumari Road,NH - 66,NH,Kottapuram bridge,Kottapuram toll signal junction,33,7,"10.20459, 76.20726","10.21059, 76.22065"
Thrissur,Mannuthy,Mannuthy,"Salem Ð Ernakulam Road, NH 544 (NH 47)",NH - 544,NH,Mannuthy By Pass,Mannuthy PS,29,4,"10.531044, 76.259355","10.535453, 76.264140"
Thrissur,Ollur,Nadathara,"Salem Ð Ernakulam Road, NH 544 (NH 47)",NH - 544,NH,Nahas Art Store,Peechi Canal,53,8,"10.509172, 76.258349","10.5134565, 76.2584924"
Thrissur,Ollur,Kuttanellur,"Salem Ð Ernakulam Road, NH 544 (NH 47)",NH - 544,NH,Krishna Complex,George & Co,37,4,"10.495805, 76.257969","10.492490, 76.257913"
Thrissur,Peramangalam,Peramangalam,Thrissur Ð Kuttippuram Road,SH - 69,SH,ICICI Bank Atm,Dakshin Hotel,51,8,"10.492490, 76.257913","10.572671, 76.162636"
Thrissur,Peramangalam,Mundur,Thrissur Ð Kuttippuram Road,SH - 69,SH,Hotel Rainbow,Subin Bakery,43,10,"10.593005, 76.153622","10.589828, 76.156688"
Thrissur,Pudukad,Pudukad,"Salem Ð Ernakulam Road, NH 544 (NH 47)",NH - 544,NH,Pudukad signal junction,Pudukad KSRTC stand,62,16,"10.51093,76.21122","10.425894, 76.268122"
Malappuram,Edakkara,Poochakkuth,Kozhikode - Gudallur Road,SH - 28,SH,Poochakuth Valluvasseri Forest Out Post,District Agricultural  Farm Chungathara,19,3,"1250745.2596761, 637500.7376674","1251625.5465871 , 638464.34653314"
Malappuram,Edavana,Pathappiriyam,Kozhikode - Gudallur Road,SH - 28,SH,Schoolpadi,Pathapiriyam,9,3,"1237442.4,623802.5","1238345.1,624053.5"
Malappuram,Edavanna,Cheenikkal,Kozhikode - Gudallur Road,SH - 28,SH,Karakunnu(Cheenikal),Cheenikal,8,0,"1236316.38,623802.5","1236817.4,623788.9"
Malappuram,Edavanna,Kunduthode,Kozhikode - Gudallur Road,SH - 28,SH,Kurishumpadi,Kunduthode,5,2,"1241217.8,625406.6","1241532.8,625950.1"
Malappuram,Kalikavu,Kallamoola,Perumbilavu - Nilambur Road,SH - 39,SH,Kallamoola Jn.,Kallamoola Bridge,5,0,"11.213261, 76.335474","11.216329, 76.333473"
Malappuram,Kalikavu,Venthodampadi,Perumbilavu - Nilambur Road,SH - 39,SH,Venthodan padi,"Moyikkal Point, Venthodan Padi",5,0,"11.181513, 76.297783","11.183044, 76.295165"
Malappuram,Kalikavu,Karutheni,Perumbilavu - Nilambur Road,SH - 39,SH,Karutheni Bus stop,Karutheni ,5,0,"11.188672, 76.280877","11.189669, 76.279324"
Malappuram,Kolathur,Puzhakkattiri,Kottakkal - Kadampuzha Road,MDR,OR,Puzhakkattiri,Akayilpadi,12,1,"1213937.1514625,  625868.89039417","1214044.0070991,  625218.21589275"
Malappuram,Kondotty ,Ayikkarapadi,Ferokh - Palakkad Road,NH - 966,NH,SBT AYIKKARAPADI,PUTHUPADAN JN,12,8,"11.17575, 75.89597","11.17369, 75.89955"
Malappuram,Kondotty ,11th Mile,Ferokh - Palakkad Road,NH - 966,NH,Ramanattukkara Service Co-Operative Bank,Hotel Amritha,8,2,"11.18061, 75.88606","11.18007, 75.88829"
Malappuram,Kondotty ,Thurakkal,Ferokh - Palakkad Road,NH - 966,NH,ktdc hotel Gate,TA Shakir Road Jn,9,1,"11.15751, 75.95297","11.15696, 75.95549"
Malappuram,Malappuram,Koottilangadi,Ferokh - Palakkad Road,NH - 966,NH,Koottilangadi,Keeramkundu,28,4,"11.0424882,76.0974241","11.1252075,76.3990867"
Malappuram,Malappuram,Munduparamba,Tirur - Manjeri road,SH - 71,SH,munduparamba fire station,munduparamba govt college,24,5,"11.0528765,76.0884923","11.0572754,76.0931999"
Malappuram,Malappuram,Ponmala,Tirur - Manjeri road,SH - 71,SH,Kodur,Manoor,13,2,"11.0317517,76.0569635","11.0273932,76.0319352"
Malappuram,Manjeri,Valluvambram,Ferokh - Palakkad Road,NH - 966,NH,Valluvambram KSEB Office,Valluvambram BSNL Office,16,2,11.129662- 76.040727,11.127918- 76.043372
Malappuram,Manjeri,Vayaparapadi,Tirur - Manjeri road,SH - 71,SH,LP School Vayaparapadi,Near the Co Operative college,11,2,11.106561- 76.122884,11.103297- 76.122411
Malappuram,Manjeri,Narukara,Kozhikode - Gudallur Road,SH - 28,SH,Narukara Bus stop,Dhanya Industrial Work shop,9,2,11.119152- 76.090955,11.120057- 76.094195
Malappuram,Mankada,Thadathil Valavu,Ferokh - Palakkad Road,NH - 966,NH,Thadathil Valavvu,Aripra Town,7,3,"1215246.8490191
628520.14539732","1215220.7711554
627735.2653047"
Malappuram,Mankada,Ramapuram,Ferokh - Palakkad Road,NH - 966,NH,Ramapuram 38,Ramapuram Town,7,3,"1215800.2085658
625612.1455728","1216012.0117026
624852.70729842"
Malappuram,Mankada,Kachinikkad,Ferokh - Palakkad Road,NH - 966,NH,Telephone exchange,Kachinikkkad,6,1,"1218811.2880222
622242.37674726","1219125.4944774
622151.42224706"
Malappuram,Parappanangadi,Chettipadi,Tirur -Kadalundi Road,MDR,OR,milma booth,Chettipadi Jn,14,3,"11.071403, 75.853670","11.071914, 75.853742"
Malappuram,Parappanangadi,Chiramangalam,Tirur -Kadalundi Road,MDR,OR,ambekar road,poorappuzha bridge,9,0,"11.022651, 75.868619","11.018238, 75.870024"
Malappuram,Ponnani ,Veliancodu,Panvel - Kanyakumari Road,NH - 66,NH,Umeri School,"GMUPS School, Veliyancode Road",18,4,"10.766800,75.926003","11.028474,76.065808"
Malappuram,Tanur,Kalaripadi,Other Road,,OR,Kalaripadi Bustop,Brothers Gas Agency,6,1,"10.995316, 75.872724","10.997662, 75.872759"
Malappuram,Tanur,Moolakkal,Tirur -Kadalundi Road,MDR,OR,Palakkutty Palam,Moolakkal Town,6,1,"10.968067, 75.884682","10.965812, 75.885688"
Malappuram,Tanur,Nadakkav,Other Road,,OR,Infront Shoba Temble,Nadakkav Jumma Masjidh,6,1,"10.974249, 75.879813","110.972735, 75.882267"
Malappuram,Tanur,Moochikkal,Other Road,,OR,Moochikal Town,Infront of KVR Maruthi Showroom,7,0,"10.935739, 75.907464","10.938021, 75.906797"
Malappuram,Tanur,Poorapuzha,Tirur - Kadalundi Road,MDR,OR,Poorapuzha Bridge,Olapeedika,6,0,"11.017250, 75.870329","11.012798, 75.871486"
Malappuram,Valachery,Vattappara,Panvel - Kanyakumari Road,NH - 66,NH,Valanchery Police Circle Office,Near the ,8,4,"10.906835, 76.052030","10.906615, 76.048198"
Malappuram,Vazhakkad ,Azhinhilam Bypass,Ferokh - Palakkad Road,NH - 966,NH,Dineshan's Hotel,Spicy Hotel,17,7,"11.203695 ,75.865580","11.202384,75.866331"
Malappuram,Wandoor ,Wandoor Town,Valanchery - Nilambur Road ,SH - 73,SH,FEDERAL BANK,MANALIMMAL BUS STAND,15,0,"1238129.4051293,634995.23399878","1237668.2721737 ,634902.37136221"
Malappuram,Wandoor ,Naduvath,Valanchery - Nilambur Road ,SH - 73,SH,EASWARAMANGALAM SIVA TEMPLE,PUNNAPPALA SERVICE CO OP BANK,9,0,"1240221.9946793 ,633449.00749541","1239961.8520878  , 633620.73976851"
Kozhikode,Payyoli,Ayanikkad,Panvel - Kanyakumari Road,NH - 66,NH,Kuttiyil peedika,24 th mile Bus stop,23,10,"11.52766,75.61654","11.53230, 75.61575"
Kozhikode,Traffic Police Station,Feroke,Panvel - Kanyakumari Road,NH - 66,NH,Cresent Hospital,Feroke Petta,62,13,"11.182770, 75.848016","11.183852, 75.838988"
Kozhikode,Traffic Police Station,Cheruvannur,Panvel - Kanyakumari Road,NH - 66,NH,Karuna Hospital,Srambia,58,11,"11.191727, 75.827610","11.193378, 75.824941"
Kozhikode,Traffic Police Station,Elathur,Panvel - Kanyakumari Road,NH - 66,NH,HP Godown,Elathur PS,39,18,"11.348185, 75.740165","11.343366, 75.740368"
Kozhikode,Traffic Police Station,Mankave,Mini Byepass,SH,SH,Ashokapuram Road Jn,Petrol Pumb,37,10,"11.236286, 75.804319","11.233664, 75.803477"
Kozhikode,Traffic Police Station,Kunnamanagalam,Kozhikode Ð Mysore Road,NH 766,NH,Mukkom Road Jn,Kunnmanagalam New Bus Stand,41,5,"11.321493, 75.995251","11.304910, 75.877729"
Kozhikode,Traffic Police Station,West Hill,Panvel - Kanyakumari Road,NH - 66,NH,Barrack Road Jn,Yamaha Show Room,37,9,"11.288437, 75.766693","11.283395, 75.769495"
Kozhikode,Traffic Police Station,Malaparamba,Panvel - Kanyakumari Road,NH - 66,NH,Providence College Road Jn,South side Bus Stop,40,5,"11.292501, 75.798362","11.288359, 75.800239"
Kozhikode,Traffic Police Station,Nadakkave,Kozhikode Ð Mysore Road,NH 766,NH,SBI,KSRTC Work Shop,42,1,"11.271786, 75.777774","11.275314, 75.778537"
Kozhikode,Traffic Police Station,Pantheeramkave,Panvel - Kanyakumari Road,NH - 66,NH,Al bake,SBI,35,5,"11.231488, 75.851241","11.228094, 75.852766"
Kozhikode,Traffic Police Station,Velliparamba,Kozhikode - Mavoor road,MDR,OR,Media One Studio,Velliparamba School,34,5,"11.269354, 75.854694","11.269452, 75.840868"
Kozhikode,Traffic Police Station,Feroke,Other Road,,OR,Railway Station,Sub Treasury,34,4,"11.174927, 75.830599","11.176364, 75.831202"
Kozhikode,Traffic Police Station,Puthiyangadi,Panvel - Kanyakumari Road,NH - 66,NH,Koya Road Jn,North side Bus Stop,29,7,"11.300261, 75.762577","11.302911, 75.760896"
Kozhikode,Traffic Police Station,Arayedathupalam,Mini Byepass,SH,SH,KTC Petrol Pumb,Vasan Eye Care,33,3,"11.261157, 75.794117","11.257850, 75.791770"
Kozhikode,Traffic Police Station,Medical College,Kozhikode Mavoor Road,MDR,OR,Ojin Backery,Rahmaniya School,33,3,"11.271763, 75.834295","11.270366, 75.844246"
Kozhikode,Traffic Police Station,Karanthoor,Kozhikode Ð Mysore Road,NH 766,NH,Karanthoor Markaz,Petrol Pumb,28,6,"11.304449, 75.871325","11.304228, 75.872371"
Kozhikode,Traffic Police Station,Thondayad,Kozhikode Mavoor Road,MDR,OR,Kavu Bus Stop,Vigilance Office,29,5,"11.266559, 75.816795","11.262865, 75.809773"
Kozhikode,Traffic Police Station,Kakkodi,Kozhikkode - Balussery Road,MDR,OR,Panchayath Office,Post Office,31,4,"11.313621, 75.798327","11.317674, 75.800009"
Kozhikode,Traffic Police Station,Nallalam,Panvel - Kanyakumari Road,NH - 66,NH,KSEB Sub Station,Varthmanam Daily Office,25,7,"11.207002, 75.809489","11.204562, 75.812943"
Kozhikode,Traffic Police Station,Eranhipalam,Kozhikode Ð Mysore Road,NH 766,NH,Post Office,Popular Auto Mobile,28,3,"11.278353, 75.780965","11.286682, 75.794932"
Kozhikode,Traffic Police Station,Chevayur,Kozhikode Mavoor Road,MDR,OR,Presentation School,BSNL,25,4,"11.268763, 75.822323","11.269803, 75.828219"
Kozhikode,Traffic Police Station,Thondayad,Panvel - Kanyakumari Road,NH - 66,NH,Azhatri Kovil Temple,Thondyad Jn North End,22,6,"11.263102, 75.816835","11.265757, 75.810879"
Kozhikode,Traffic Police Station,Kallai,Panvel - Kanyakumari Road,NH - 66,NH,Kallai Railway Station,Kallai Bridge,23,5,"11.233738, 75.789266","11.237893, 75.787200"
Kozhikode,Traffic Police Station,Chettikulam,Panvel - Kanyakumari Road,NH - 66,NH,Vengali Bridge,Police Punching Station,21,6,"11.320906, 75.750606","11.322892, 75.747756"
Kozhikode,Traffic Police Station,Pavanagad,Panvel - Kanyakumari Road,NH - 66,NH,Mosque,Wolkswagon Show Room,20,6,"11.309584, 75.758427","11.313579, 75.756128"
Kozhikode,Traffic Police Station,Pottammal,Kozhikode Mavoor Road,MDR,OR,Reliance Super Market,Kalyan Silks,18,4,"11.260972, 75.808556","11.259284, 75.806918"
Kozhikode,Traffic Police Station,Eranhipalam,Mini Byepass,SH,SH,Co Operetive Hospital,Ashirwad,21,2,"11.276720, 75.785400","11.283497, 75.783479"
Wayanad,Kalpetta,Vellaram Kunnu,Kozhikode Ð Mysore Road,NH 766,NH,vellaramkunnu odathode road junction ,Adlad road junction ,17,1,"11.586618,76067957","11.592557, 76.069915"
Wayanad,Kalpetta,Puliyarmala,Mananthavady-Kalpetta Road,SH - 59,SH,Puliyarmala ,Puliyarmala ITI road junction,5,3,"11.636180,76.086481","11.643719,76.086998"
Wayanad,Kalpetta,Thazhe Muttil,Kozhikode Ð Mysore Road,NH 766,NH,Near HYUNDAI showroom,variad Toyota showroom ,6,1,"11.64552, 76.11452","11.648898,76.128044"
Wayanad,Vythiri,Chundale,Kozhikode Ð Mysore Road,NH 766,NH,Chudale ,Chundale town,25,8,"11.573080,76.052732","11.576146,76.059381"
Wayanad,Vythiri,Vythiri,Kozhikode Ð Mysore Road,NH 766,NH,Near Vythiri sub jail,Vythiri grama pnchayath office ,20,3,"11.549597,76.038792","11.556940,76.038757"
Kasargode,Hosdurg,Chemmattamvayal,Panvel - Kanyakumari Road,NH - 66,NH,District Hospital,Chemmattamvayal Road JN,7,1,"12.315554, 75.105778","12.320653, 75.107091"
Kasargode,Traffic Police Station,Vidyanagar,Panvel - Kanyakumari Road,NH - 66,NH,Nr. Govt.College,BC Road,18,2,"12.517332, 75.011788","12.517621, 75.017108"
Kasargode,Traffic Police Station,Karanthakkad,Panvel - Kanyakumari Road,NH - 66,NH,Nr.Uma Nursing Home,Nr. KIMS Hospital,13,2,"12.510444, 74.984580","12.506903, 74.990463"
